gene,baseMean,log2FoldChange,lfcSE,pvalue,padj
Gm49980,11.5540360831607,-2.82133829755029e-06,0.00144269627408563,1.18776434151028e-07,0.00280431161030577
1700012P22Rik,16.9651415103009,-2.93299624984427,0.709010785634405,1.53306161719767e-06,0.0180977923910185
