gene,baseMean,log2FoldChange,lfcSE,pvalue,padj
Sphkap,27.1104338750869,-2.83572987887287,0.731195623814232,2.87949090023363e-06,0.0325396869180901
Chrm3,65.3704630631222,-5.78552823756006e-06,0.00144269928288795,2.49562347184339e-06,0.0325396869180901
