gene,baseMean,log2FoldChange,lfcSE,pvalue,padj
Cacna2d3,348.4148777427,1.53320177350637,0.328103349229572,1.20310966344994e-07,0.00284054191540531
Zfp641,23.4542264282177,2.18498006943869,0.543777287921823,2.37020355876041e-06,0.0279802530111666
