gene,baseMean,log2FoldChange,lfcSE,pvalue,padj
Meis2,108.101092009162,2.2156950880926,0.385686054139714,3.48475842607896e-10,7.59956117559299e-06
