gene,baseMean,log2FoldChange,lfcSE,pvalue,padj
AC149090.1,329.404246657051,-1.62021154895817e-05,0.00144273469611154,2.08569598687043e-12,4.43189540250098e-08
Rnf152,49.7365518725394,1.43866041206214,0.324040077952558,3.53374741885581e-07,0.00375442994516335
Bcl2,49.369423966203,1.1304322004934,0.27693394054063,1.85948964756787e-06,0.0131707651737232
Sntg2,16.2005767406125,1.94979019071425,0.532103970424669,1.0001707508147e-05,0.0470080848496101
Gm49980,3.71679290446142,-3.8172494803736e-06,0.00144269672286813,1.10612463762083e-05,0.0470080848496101
