gene,baseMean,log2FoldChange,lfcSE,pvalue,padj
6330411D24Rik,25.1267486838939,-3.7497531109344,0.598928544845094,5.42044884709387e-11,1.1495145870032e-06
Rnf152,48.3952585781038,1.58418642769648,0.373324193066097,1.25110247485129e-06,0.0132660650920857
