gene,baseMean,log2FoldChange,lfcSE,pvalue,padj
Gm49980,8.66943510482341,-2.90483354716253e-06,0.0014426962629619,1.07538361910605e-07,0.0023616499659188
